[
  {
    "id": "471c38bd-84be-441e-ac61-8ebfd89fbf5e",
    "data": [
      {
        "text": "nox",
        "userDefined": false
      }
    ],
    "isTemplate": false,
    "count": 0,
    "updated": 1551802352
  },
  {
    "id": "e4718e21-7be5-466d-9b56-0ebda722e98f",
    "data": [
      {
        "text": "lights off",
        "userDefined": false
      }
    ],
    "isTemplate": false,
    "count": 0,
    "updated": 1551802352
  },
  {
    "id": "0bd71e91-08dd-4f2d-8cef-b8e4398131f1",
    "data": [
      {
        "text": "turn the lights off",
        "userDefined": false
      }
    ],
    "isTemplate": false,
    "count": 0,
    "updated": 1551802352
  },
  {
    "id": "04462025-8c7f-4e11-99ec-ededb7d23524",
    "data": [
      {
        "text": "turn the light off",
        "userDefined": false
      }
    ],
    "isTemplate": false,
    "count": 0,
    "updated": 1551802352
  },
  {
    "id": "93c2d51f-dd01-4be3-88de-cbbbdc919adc",
    "data": [
      {
        "text": "turn off the lights",
        "userDefined": false
      }
    ],
    "isTemplate": false,
    "count": 0,
    "updated": 1551802352
  },
  {
    "id": "b5c2f858-3fbf-4f0a-aee7-a82f9d139aba",
    "data": [
      {
        "text": "turn off the light",
        "userDefined": false
      }
    ],
    "isTemplate": false,
    "count": 0,
    "updated": 1551802352
  }
]