[
  {
    "id": "7598112b-a659-449e-8900-2019abdefd87",
    "data": [
      {
        "text": "lumos",
        "userDefined": false
      }
    ],
    "isTemplate": false,
    "count": 0,
    "updated": 1551802416
  },
  {
    "id": "2af96c54-c396-409f-95d8-4615dfe9379c",
    "data": [
      {
        "text": "turn the lights on",
        "userDefined": false
      }
    ],
    "isTemplate": false,
    "count": 0,
    "updated": 1551802289
  },
  {
    "id": "0b1b3a9f-b4c6-4df0-821b-ce9340e470f9",
    "data": [
      {
        "text": "turn the light on",
        "userDefined": false
      }
    ],
    "isTemplate": false,
    "count": 0,
    "updated": 1551802289
  },
  {
    "id": "04f7f8f7-4039-4d0c-9ada-52914b496e0f",
    "data": [
      {
        "text": "lights on",
        "userDefined": false
      }
    ],
    "isTemplate": false,
    "count": 0,
    "updated": 1551802289
  },
  {
    "id": "beb61210-16f2-45f2-85db-e17874519684",
    "data": [
      {
        "text": "turn on the lights",
        "userDefined": false
      }
    ],
    "isTemplate": false,
    "count": 0,
    "updated": 1551802289
  },
  {
    "id": "33456eda-fcb2-4343-b0ff-abea632e920d",
    "data": [
      {
        "text": "turn on the light",
        "userDefined": false
      }
    ],
    "isTemplate": false,
    "count": 0,
    "updated": 1551802289
  }
]