[
  {
    "id": "686446d6-e967-4cbd-83cb-236ee6d75cba",
    "data": [
      {
        "text": "Is the ",
        "userDefined": false
      },
      {
        "text": "bedroom",
        "alias": "light-name",
        "meta": "@light-name",
        "userDefined": false
      },
      {
        "text": " light ",
        "userDefined": false
      },
      {
        "text": "on",
        "alias": "light-status",
        "meta": "@light-status",
        "userDefined": false
      },
      {
        "text": "?",
        "userDefined": false
      }
    ],
    "isTemplate": false,
    "count": 0,
    "updated": 1551799203
  }
]