[
  {
    "id": "e1de8ff7-5f9e-4c01-b513-76a91911e8cf",
    "data": [
      {
        "text": "Which lights are ",
        "userDefined": false
      },
      {
        "text": "on",
        "alias": "light-status",
        "meta": "@light-status",
        "userDefined": false
      },
      {
        "text": "?",
        "userDefined": false
      }
    ],
    "isTemplate": false,
    "count": 0,
    "updated": 1551799244
  },
  {
    "id": "0e6e8b6e-f004-474f-aef1-c9326923c355",
    "data": [
      {
        "text": "Status",
        "userDefined": false
      }
    ],
    "isTemplate": false,
    "count": 0,
    "updated": 1551799244
  }
]