[
  {
    "id": "b8937b18-62ac-478a-a835-14746ed66ae0",
    "data": [
      {
        "text": "Bedroom",
        "alias": "light-name",
        "meta": "@light-name",
        "userDefined": false
      },
      {
        "text": " ",
        "userDefined": false
      },
      {
        "text": "on",
        "alias": "light-status",
        "meta": "@light-status",
        "userDefined": false
      }
    ],
    "isTemplate": false,
    "count": 0,
    "updated": 1551799187
  },
  {
    "id": "442f452b-f8d2-460b-b66e-da506d05fb63",
    "data": [
      {
        "text": "Turn the ",
        "userDefined": false
      },
      {
        "text": "bedroom",
        "alias": "light-name",
        "meta": "@light-name",
        "userDefined": false
      },
      {
        "text": " light ",
        "userDefined": false
      },
      {
        "text": "on",
        "alias": "light-status",
        "meta": "@light-status",
        "userDefined": false
      }
    ],
    "isTemplate": false,
    "count": 0,
    "updated": 1551799187
  }
]